{"cameraMode":{"drawMode":0,"name":"Shaded","section":"Shading Mode"},"sceneLighting":true,"audioPlay":false,"sceneViewState":{"showFog":true,"showMaterialUpdate":false,"showSkybox":true,"showFlares":true,"showImageEffects":true,"showParticleSystems":true},"in2DMode":false,"pivot":{"x":-2.7488574981689455,"y":0.025052905082702638,"z":5.343475341796875},"rotation":{"x":-0.0601411871612072,"y":0.8099594712257385,"z":-0.08438495546579361,"w":-0.5772586464881897},"size":8.749147415161133,"orthographic":false}