{"cameraMode":{"drawMode":0,"name":"Shaded","section":"Shading Mode"},"sceneLighting":false,"audioPlay":false,"sceneViewState":{"showFog":true,"showMaterialUpdate":false,"showSkybox":false,"showFlares":true,"showImageEffects":true,"showParticleSystems":true},"in2DMode":false,"pivot":{"x":4.7103424072265629,"y":2.742452621459961,"z":0.26030731201171877},"rotation":{"x":-0.06546401977539063,"y":0.5643365383148193,"z":-0.04496002197265625,"w":-0.8217169046401978},"size":2.0140817165374758,"orthographic":false}