{"cameraMode":{"drawMode":0,"name":"Shaded","section":"Shading Mode"},"sceneLighting":true,"audioPlay":false,"sceneViewState":{"showFog":true,"showMaterialUpdate":false,"showSkybox":true,"showFlares":true,"showImageEffects":true,"showParticleSystems":true},"in2DMode":false,"pivot":{"x":0.432178258895874,"y":1.1394197940826417,"z":0.16969767212867738},"rotation":{"x":-0.34433266520500185,"y":0.10837606340646744,"z":-0.04005150496959686,"w":-0.9317174553871155},"size":13.031003952026368,"orthographic":false}