{"cameraMode":{"drawMode":0,"name":"Shaded","section":"Shading Mode"},"sceneLighting":true,"audioPlay":false,"sceneViewState":{"showFog":true,"showMaterialUpdate":false,"showSkybox":true,"showFlares":true,"showImageEffects":true,"showParticleSystems":true},"in2DMode":false,"pivot":{"x":-11.752683639526368,"y":1.5344098806381226,"z":-4.5238752365112309},"rotation":{"x":-0.0020937740337103607,"y":0.9567334651947022,"z":0.006878498010337353,"w":0.290899395942688},"size":2.4483420848846437,"orthographic":false}