{"cameraMode":{"drawMode":0,"name":"Shaded","section":"Shading Mode"},"sceneLighting":false,"audioPlay":false,"sceneViewState":{"showFog":true,"showMaterialUpdate":false,"showSkybox":false,"showFlares":true,"showImageEffects":true,"showParticleSystems":true},"in2DMode":false,"pivot":{"x":1.1888996362686158,"y":0.2386680543422699,"z":-0.7403945326805115},"rotation":{"x":0.014888578094542027,"y":-0.9845593571662903,"z":0.10556178539991379,"w":0.13885554671287538},"size":3.3129472732543947,"orthographic":false}