{"cameraMode":{"drawMode":0,"name":"Shaded","section":"Shading Mode"},"sceneLighting":false,"audioPlay":false,"sceneViewState":{"showFog":true,"showMaterialUpdate":false,"showSkybox":false,"showFlares":true,"showImageEffects":true,"showParticleSystems":true},"in2DMode":false,"pivot":{"x":8.973823547363282,"y":1.827257752418518,"z":3.1377933025360109},"rotation":{"x":0.028495032340288163,"y":-0.6015387773513794,"z":-0.02147803269326687,"w":-0.7980476021766663},"size":2.8089842796325685,"orthographic":false}